{
  "all_genres": [
    "Action",
    "Adventure",
    "Animation",
    "Comedy",
    "Crime",
    "Documentary",
    "Drama",
    "Family",
    "Fantasy",
    "Foreign",
    "History",
    "Horror",
    "Music",
    "Mystery",
    "Romance",
    "Science Fiction",
    "TV Movie",
    "Thriller",
    "War",
    "Western"
  ],
  "mood_labels": [
    "Angry",
    "Happy",
    "Neutral",
    "Relaxed",
    "Sad"
  ],
  "model_metrics": {
    "SVM": {
      "accuracy": 0.9287958115183246,
      "precision": 0.9287370662409408,
      "recall": 0.9287958115183246,
      "f1": 0.9243741665429153
    },
    "KNN": {
      "accuracy": 0.9141361256544502,
      "precision": 0.9109685860873329,
      "recall": 0.9141361256544502,
      "f1": 0.9088448950463188
    },
    "Logistic Regression": {
      "accuracy": 0.9287958115183246,
      "precision": 0.9311047660623587,
      "recall": 0.9287958115183246,
      "f1": 0.9240690442247678
    }
  },
  "best_model": "SVM"
}